market,league,fixture,kickoff,home_pct,away_pct,combined_pct,venue_split_pct,home_games,away_games,flags,accumulator,over_1_5_price
Over 1.5 goals,League One,Cambridge v Blackpool,15:00,100.0,100.0,100.0,100.0,8,7,,leg,
Over 1.5 goals,National League North,King's Lynn Town v Buxton,15:00,100.0,100.0,100.0,100.0,10,10,,leg,
Over 1.5 goals,National League North,Brackley Town v Spennymoor Town,15:00,90.0,100.0,95.0,90.0,10,10,,leg,
Over 1.5 goals,Scottish Premiership,Dundee United v Hibernian,15:00,100.0,85.7,92.9,100.0,7,7,,leg,
Over 1.5 goals,Premier League,Chelsea v Bournemouth,15:00,100.0,80.0,90.0,100.0,5,5,Chelsea: only 5 games; Bournemouth: only 5 games,,
Over 1.5 goals,Premier League,Sunderland v Brighton,15:00,80.0,100.0,90.0,75.0,5,5,Sunderland: only 5 games; Brighton: only 5 games,,
Over 1.5 goals,League Two,Bristol Rvs v Barnet,15:00,77.8,100.0,88.9,75.0,9,7,,leg,
Over 1.5 goals,Scottish League Two,Clyde v Dumbarton,15:00,88.9,88.9,88.9,100.0,9,9,,leg,
Over 1.5 goals,Scottish League Two,Forfar v Elgin,15:00,77.8,100.0,88.9,75.0,9,9,,leg,
Over 1.5 goals,Scottish League Two,Stirling v Kelty Hearts,15:00,88.9,88.9,88.9,90.0,9,9,,leg,
Over 1.5 goals,Scottish League One,Montrose v Ross County,15:00,88.9,87.5,88.2,87.5,9,8,,leg,
Over 1.5 goals,Championship,Blackburn v Cardiff,15:00,87.5,87.5,87.5,87.5,8,8,data check failed - see top,,
Over 1.5 goals,Championship,Derby v Wrexham,15:00,87.5,87.5,87.5,75.0,8,8,data check failed - see top,,
Over 1.5 goals,Championship,Preston v Millwall,15:00,75.0,100.0,87.5,87.5,8,8,data check failed - see top,,
Over 1.5 goals,Championship,Watford v Burnley,15:00,75.0,100.0,87.5,100.0,8,8,data check failed - see top,,
Over 1.5 goals,National League,Tamworth v Barrow,15:00,91.7,83.3,87.5,91.7,12,12,data check failed - see top,,
Over 1.5 goals,National League,Wealdstone v Yeovil,15:00,83.3,91.7,87.5,80.0,12,12,data check failed - see top,,
Over 1.5 goals,National League,Worthing v Solihull,15:00,83.3,91.7,87.5,83.3,12,12,data check failed - see top,,
Over 1.5 goals,National League,Fylde v Scunthorpe,15:00,91.7,81.8,86.7,83.3,12,11,data check failed - see top,,
Over 1.5 goals,League One,Wycombe v Luton,15:00,87.5,85.7,86.6,100.0,8,7,,leg,
Over 1.5 goals,Scottish Premiership,Falkirk v Dundee,15:00,85.7,85.7,85.7,83.3,7,7,,leg,
Over 1.5 goals,National League North,Hereford FC v Hednesford,15:00,80.0,90.0,85.0,90.0,10,10,,leg,
Over 1.5 goals,National League South,Braintree Town v Truro City,15:00,100.0,70.0,85.0,80.0,10,10,,leg,
Over 1.5 goals,National League,Boston Utd v Southend,15:00,75.0,91.7,83.3,75.0,12,12,data check failed - see top,,
Over 1.5 goals,National League,Woking v Harrogate,15:00,75.0,91.7,83.3,81.7,12,12,data check failed - see top,,
Over 1.5 goals,National League South,AFC Totton v Walton and Hersham,15:00,66.7,100.0,83.3,80.0,9,10,,leg,
Over 1.5 goals,Scottish League One,Peterhead v Queen of Sth,15:00,77.8,88.9,83.3,87.5,9,9,,leg,
Over 1.5 goals,Scottish League Two,Edinburgh City v Spartans,15:00,77.8,88.9,83.3,75.0,9,9,,leg,
Over 1.5 goals,Scottish Championship,Raith Rvs v Queens Park,15:00,77.8,87.5,82.6,87.5,9,8,,leg,
Over 1.5 goals,League Two,Crawley Town v Chesterfield,15:00,85.7,77.8,81.7,70.8,7,9,,leg,
Over 1.5 goals,League One,Leicester v Peterboro,15:00,85.7,75.0,80.4,87.5,7,8,,reserve,
Over 1.5 goals,League One,Doncaster v Burton,15:00,71.4,88.9,80.2,70.8,7,9,,reserve,
Over 1.5 goals,Premier League,Aston Villa v Brentford,15:00,60.0,100.0,80.0,75.0,5,5,Aston Villa: only 5 games; Brentford: only 5 games,,
Over 1.5 goals,National League North,Chorley v AFC Telford United,15:00,100.0,60.0,80.0,80.0,10,10,,reserve,
Over 1.5 goals,National League North,Darlington v Merthyr Town,15:00,80.0,80.0,80.0,70.0,10,10,,reserve,
Over 1.5 goals,National League South,Torquay United v Slough Town,15:00,90.0,70.0,80.0,70.0,10,10,,reserve,
Over 1.5 goals,National League South,Weston Super Mare v Folkestone Invicta,15:00,70.0,90.0,80.0,81.7,10,10,,reserve,
Over 1.5 goals,Championship,Middlesbrough v Wolves,15:00,87.5,71.4,79.5,87.5,8,7,data check failed - see top,,
Over 1.5 goals,League One,Milton Keynes Dons v Reading,15:00,71.4,87.5,79.5,66.7,7,8,,,
Over 1.5 goals,National League South,Billericay v Farnborough,15:00,80.0,77.8,78.9,100.0,10,9,,,
Over 1.5 goals,National League South,Horsham v Maidstone United,15:00,77.8,80.0,78.9,80.0,9,10,,,
Over 1.5 goals,League One,Mansfield v Bromley,15:00,71.4,85.7,78.6,66.7,7,7,,,
Over 1.5 goals,Scottish Premiership,Hearts v St Mirren,15:00,100.0,57.1,78.6,66.7,7,7,,,
Over 1.5 goals,National League South,Chesham United v Chelmsford City,15:00,90.0,66.7,78.3,100.0,10,9,,,
Over 1.5 goals,National League South,Hampton & Richmond v Ebbsfleet United,15:00,90.0,66.7,78.3,100.0,10,6,,,
Over 1.5 goals,League Two,Tranmere v Rochdale,15:00,88.9,66.7,77.8,75.0,9,9,,,
Over 1.5 goals,League Two,Newport County v Colchester,15:00,66.7,87.5,77.1,100.0,9,8,,,
Over 1.5 goals,Championship,Bolton v Stoke,15:00,62.5,87.5,75.0,75.0,8,8,data check failed - see top,,
Over 1.5 goals,National League,Halifax v Gateshead,15:00,75.0,75.0,75.0,83.3,12,12,data check failed - see top,,
Over 1.5 goals,National League North,Harborough Town FC v Southport,15:00,60.0,90.0,75.0,80.0,10,10,,,
Over 1.5 goals,National League North,Hebburn Town v Oxford City,15:00,90.0,60.0,75.0,60.0,10,10,,,
Over 1.5 goals,National League South,Farnham Town v Salisbury FC,15:00,80.0,70.0,75.0,70.0,10,10,,,
Over 1.5 goals,National League South,Maidenhead United v Tonbridge Angels,15:00,70.0,80.0,75.0,80.0,10,10,,,
Over 1.5 goals,League One,Stockport v Barnsley,15:00,75.0,71.4,73.2,70.8,8,7,,,
Over 1.5 goals,League One,Huddersfield v Sheffield Weds,15:00,87.5,57.1,72.3,100.0,8,7,,,
Over 1.5 goals,League Two,Cheltenham v Salford,15:00,100.0,44.4,72.2,87.5,9,9,,,
Over 1.5 goals,League Two,Rotherham v Gillingham,15:00,66.7,77.8,72.2,87.5,9,9,,,
Over 1.5 goals,Scottish Championship,Arbroath v Morton,15:00,66.7,77.8,72.2,75.0,9,9,,,
Over 1.5 goals,Scottish League One,Cove Rangers v East Fife,15:00,77.8,66.7,72.2,62.5,9,9,,,
Over 1.5 goals,Scottish League One,East Kilbride v Airdrie Utd,15:00,88.9,55.6,72.2,75.0,9,9,,,
Over 1.5 goals,League Two,York v Northampton,15:00,100.0,42.9,71.4,83.3,8,7,,,
Over 1.5 goals,National League,Hornchurch v Eastleigh,15:00,66.7,75.0,70.8,50.0,12,12,data check failed - see top,,
Over 1.5 goals,Premier League,Ipswich v Fulham,15:00,80.0,60.0,70.0,50.0,5,5,Ipswich: only 5 games; Fulham: only 5 games,,
Over 1.5 goals,National League North,Marine v Spalding United,15:00,70.0,70.0,70.0,70.0,10,10,,,
Over 1.5 goals,National League North,Radcliffe v Scarborough Athletic,15:00,80.0,60.0,70.0,80.0,10,10,,,
Over 1.5 goals,National League North,Worksop Town v Morecambe,15:00,70.0,70.0,70.0,70.0,10,10,,,
Over 1.5 goals,National League South,Dover Athletic v Dorking Wanderers,15:00,70.0,70.0,70.0,80.0,10,10,,,
Over 1.5 goals,League One,Bradford v Leyton Orient,15:00,50.0,87.5,68.8,83.3,8,8,,,
Over 1.5 goals,League Two,Port Vale v Grimsby,15:00,57.1,77.8,67.5,54.2,7,9,,,
Over 1.5 goals,Scottish Championship,Ayr v Dunfermline,15:00,77.8,57.1,67.5,62.5,9,7,,,
Over 1.5 goals,National League South,Dagenham & Redbridge v Hemel Hempstead,15:00,50.0,80.0,65.0,60.0,10,10,,,
Over 1.5 goals,National League North,Chester FC v Bedford Town,15:00,60.0,70.0,65.0,50.0,10,10,,,
Over 1.5 goals,National League North,Macclesfield FC v South Shields,15:00,60.0,70.0,65.0,50.0,10,10,,,
Over 1.5 goals,League Two,Fleetwood Town v Walsall,15:00,66.7,62.5,64.6,75.0,9,8,,,
Over 1.5 goals,League One,Stevenage v Wigan,15:00,71.4,57.1,64.3,66.7,7,7,,,
Over 1.5 goals,Scottish Championship,Inverness C v Stenhousemuir,15:00,75.0,50.0,62.5,62.5,8,8,,,
Over 1.5 goals,Scottish League Two,Annan Athletic v Stranraer,15:00,55.6,66.7,61.1,90.0,9,9,,,
Over 1.5 goals,League Two,Shrewsbury v Exeter,15:00,88.9,33.3,61.1,50.0,9,9,,,
Over 1.5 goals,Scottish League One,Alloa v Hamilton,15:00,66.7,50.0,58.3,54.2,9,8,,,
Over 1.5 goals,Scottish Championship,Livingston v Partick,15:00,77.8,37.5,57.6,56.7,9,8,,,
Over 1.5 goals,Championship,Sheffield United v Lincoln,15:00,62.5,50.0,56.2,37.5,8,8,data check failed - see top,,
Over 1.5 goals,Scottish Premiership,Rangers v Kilmarnock,15:00,42.9,57.1,50.0,33.3,7,7,,,
Goal in both halves,Championship,Preston v Millwall,15:00,75.0,100.0,87.5,87.5,8,8,data check failed - see top,,
Goal in both halves,Scottish League One,Montrose v Ross County,15:00,88.9,75.0,81.9,75.0,9,8,,leg,
Goal in both halves,Championship,Derby v Wrexham,15:00,87.5,75.0,81.2,75.0,8,8,data check failed - see top,,
Goal in both halves,Premier League,Chelsea v Bournemouth,15:00,80.0,80.0,80.0,100.0,5,5,Chelsea: only 5 games; Bournemouth: only 5 games,,
Goal in both halves,Scottish Premiership,Dundee United v Hibernian,15:00,85.7,71.4,78.6,83.3,7,7,,leg,
Goal in both halves,Scottish League Two,Stirling v Kelty Hearts,15:00,77.8,77.8,77.8,67.5,9,9,,leg,
Goal in both halves,Scottish League Two,Edinburgh City v Spartans,15:00,66.7,88.9,77.8,62.5,9,9,,leg,
Goal in both halves,National League,Boston Utd v Southend,15:00,75.0,75.0,75.0,75.0,12,12,data check failed - see top,,
Goal in both halves,National League,Worthing v Solihull,15:00,75.0,75.0,75.0,65.0,12,12,data check failed - see top,,
Goal in both halves,League One,Cambridge v Blackpool,15:00,62.5,85.7,74.1,70.8,8,7,,leg,
Goal in both halves,Scottish League Two,Clyde v Dumbarton,15:00,66.7,77.8,72.2,75.0,9,9,,leg,
Goal in both halves,Scottish League Two,Forfar v Elgin,15:00,55.6,88.9,72.2,75.0,9,9,,leg,
Goal in both halves,Scottish Premiership,Hearts v St Mirren,15:00,100.0,42.9,71.4,66.7,7,7,,leg,
Goal in both halves,National League,Wealdstone v Yeovil,15:00,66.7,75.0,70.8,60.0,12,12,data check failed - see top,,
Goal in both halves,National League,Woking v Harrogate,15:00,66.7,75.0,70.8,81.7,12,12,data check failed - see top,,
Goal in both halves,Championship,Blackburn v Cardiff,15:00,62.5,75.0,68.8,62.5,8,8,data check failed - see top,,
Goal in both halves,League One,Milton Keynes Dons v Reading,15:00,71.4,62.5,67.0,50.0,7,8,,reserve,
Goal in both halves,Championship,Middlesbrough v Wolves,15:00,75.0,57.1,66.1,62.5,8,7,data check failed - see top,,
Goal in both halves,League Two,Bristol Rvs v Barnet,15:00,44.4,85.7,65.1,58.3,9,7,,reserve,
Goal in both halves,League One,Mansfield v Bromley,15:00,57.1,71.4,64.3,66.7,7,7,,,
Goal in both halves,Scottish Premiership,Falkirk v Dundee,15:00,71.4,57.1,64.3,83.3,7,7,,,
Goal in both halves,Championship,Bolton v Stoke,15:00,62.5,62.5,62.5,75.0,8,8,data check failed - see top,,
Goal in both halves,Championship,Watford v Burnley,15:00,37.5,87.5,62.5,87.5,8,8,data check failed - see top,,
Goal in both halves,League Two,Crawley Town v Chesterfield,15:00,57.1,66.7,61.9,54.2,7,9,,,
Goal in both halves,League Two,Tranmere v Rochdale,15:00,66.7,55.6,61.1,50.0,9,9,,,
Goal in both halves,Scottish Championship,Arbroath v Morton,15:00,55.6,66.7,61.1,50.0,9,9,,,
Goal in both halves,Premier League,Sunderland v Brighton,15:00,40.0,80.0,60.0,50.0,5,5,Sunderland: only 5 games; Brighton: only 5 games,,
Goal in both halves,League One,Stockport v Barnsley,15:00,62.5,57.1,59.8,70.8,8,7,,,
Goal in both halves,League One,Wycombe v Luton,15:00,62.5,57.1,59.8,75.0,8,7,,,
Goal in both halves,League Two,Newport County v Colchester,15:00,44.4,75.0,59.7,87.5,9,8,,,
Goal in both halves,League One,Doncaster v Burton,15:00,57.1,55.6,56.3,45.8,7,9,,,
Goal in both halves,League Two,Cheltenham v Salford,15:00,77.8,33.3,55.6,87.5,9,9,,,
Goal in both halves,Scottish League One,East Kilbride v Airdrie Utd,15:00,66.7,44.4,55.6,62.5,9,9,,,
Goal in both halves,Scottish League One,Peterhead v Queen of Sth,15:00,44.4,66.7,55.6,75.0,9,9,,,
Goal in both halves,National League,Hornchurch v Eastleigh,15:00,50.0,58.3,54.2,40.0,12,12,data check failed - see top,,
Goal in both halves,National League,Tamworth v Barrow,15:00,66.7,41.7,54.2,55.0,12,12,data check failed - see top,,
Goal in both halves,National League,Fylde v Scunthorpe,15:00,50.0,54.5,52.3,45.0,12,11,data check failed - see top,,
Goal in both halves,Premier League,Ipswich v Fulham,15:00,60.0,40.0,50.0,25.0,5,5,Ipswich: only 5 games; Fulham: only 5 games,,
Goal in both halves,National League,Halifax v Gateshead,15:00,50.0,50.0,50.0,66.7,12,12,data check failed - see top,,
Goal in both halves,Scottish Premiership,Rangers v Kilmarnock,15:00,42.9,57.1,50.0,33.3,7,7,,,
Goal in both halves,Scottish Championship,Raith Rvs v Queens Park,15:00,44.4,50.0,47.2,25.0,9,8,,,
Goal in both halves,League Two,Fleetwood Town v Walsall,15:00,55.6,37.5,46.5,37.5,9,8,,,
Goal in both halves,Scottish League One,Alloa v Hamilton,15:00,55.6,37.5,46.5,54.2,9,8,,,
Goal in both halves,League One,Huddersfield v Sheffield Weds,15:00,50.0,42.9,46.4,50.0,8,7,,,
Goal in both halves,League One,Leicester v Peterboro,15:00,42.9,50.0,46.4,41.7,7,8,,,
Goal in both halves,Scottish League Two,Annan Athletic v Stranraer,15:00,44.4,44.4,44.4,67.5,9,9,,,
Goal in both halves,League One,Bradford v Leyton Orient,15:00,25.0,62.5,43.8,33.3,8,8,,,
Goal in both halves,Scottish Championship,Inverness C v Stenhousemuir,15:00,75.0,12.5,43.8,37.5,8,8,,,
Goal in both halves,League Two,Port Vale v Grimsby,15:00,42.9,44.4,43.7,41.7,7,9,,,
Goal in both halves,League One,Stevenage v Wigan,15:00,28.6,57.1,42.9,33.3,7,7,,,
Goal in both halves,Premier League,Aston Villa v Brentford,15:00,20.0,60.0,40.0,50.0,5,5,Aston Villa: only 5 games; Brentford: only 5 games,,
Goal in both halves,League Two,Rotherham v Gillingham,15:00,44.4,33.3,38.9,62.5,9,9,,,
Goal in both halves,League Two,Shrewsbury v Exeter,15:00,66.7,11.1,38.9,37.5,9,9,,,
Goal in both halves,League Two,York v Northampton,15:00,62.5,14.3,38.4,50.0,8,7,,,
Goal in both halves,Championship,Sheffield United v Lincoln,15:00,25.0,50.0,37.5,37.5,8,8,data check failed - see top,,
Goal in both halves,Scottish League One,Cove Rangers v East Fife,15:00,44.4,22.2,33.3,25.0,9,9,,,
Goal in both halves,Scottish Championship,Ayr v Dunfermline,15:00,44.4,14.3,29.4,50.0,9,7,,,
Goal in both halves,Scottish Championship,Livingston v Partick,15:00,33.3,25.0,29.2,36.7,9,8,,,
