report_date,league,home,away,league_name,kickoff,o15_combined,o15_venue,o15_league_rate,gibh_combined,gibh_venue,gibh_league_rate,acca,gibh_acca,price,flags,status,fthg,ftag,hthg,htag,o15_hit,gibh_hit,graded_at,result_source
2026-10-03,ENG3,Burton,Huddersfield,League One,15:00,86.6,87.5,78.2,46.4,62.5,55.2,leg,,,,graded,1.0,3.0,1.0,2.0,True,True,2026-10-04T20:33:00+00:00,ESPN
2026-10-03,ENG3,Leyton Orient,Plymouth,League One,15:00,86.6,87.5,78.2,73.2,75.0,55.2,leg,leg,,,graded,0.0,2.0,0.0,0.0,True,False,2026-10-04T20:33:00+00:00,ESPN
2026-10-03,ENG3,Reading,Bradford,League One,15:00,64.3,62.5,78.2,35.7,50.0,55.2,,,,,graded,1.0,1.0,0.0,1.0,True,True,2026-10-04T20:33:00+00:00,ESPN
2026-10-03,ENG4,Chesterfield,Tranmere,League Two,12:30,81.2,75.0,76.6,62.5,50.0,53.2,,,,data check failed - see top,graded,4.0,2.0,1.0,0.0,True,True,2026-10-04T20:33:03+00:00,ESPN
2026-10-03,ENG4,Accrington,Cheltenham,League Two,15:00,93.8,87.5,76.6,75.0,75.0,53.2,leg,leg,,data check failed - see top,graded,2.0,0.0,0.0,0.0,True,False,2026-10-04T20:33:03+00:00,ESPN
2026-10-03,ENG4,Crewe,Bristol Rvs,League Two,15:00,68.8,87.5,76.6,31.2,25.0,53.2,,,,data check failed - see top,graded,3.0,1.0,2.0,0.0,True,True,2026-10-04T20:33:03+00:00,ESPN
2026-10-03,ENG4,Exeter,Rotherham,League Two,15:00,56.2,50.0,76.6,31.2,25.0,53.2,,,,data check failed - see top,graded,1.0,0.0,0.0,0.0,False,False,2026-10-04T20:33:03+00:00,ESPN
2026-10-03,ENG4,Gillingham,Newport County,League Two,15:00,81.2,75.0,76.6,43.8,12.5,53.2,leg,,,data check failed - see top,graded,0.0,0.0,0.0,0.0,False,False,2026-10-04T20:33:03+00:00,ESPN
2026-10-03,ENG4,Grimsby,Shrewsbury,League Two,15:00,81.2,87.5,76.6,50.0,50.0,53.2,leg,,,data check failed - see top,graded,1.0,2.0,0.0,1.0,True,True,2026-10-04T20:33:03+00:00,ESPN
2026-10-03,ENG4,Rochdale,Swindon,League Two,15:00,75.0,75.0,76.6,62.5,75.0,53.2,,,,data check failed - see top,graded,1.0,0.0,0.0,0.0,False,False,2026-10-04T20:33:03+00:00,ESPN
2026-10-03,ENG4,Salford,Fleetwood Town,League Two,15:00,62.5,50.0,76.6,50.0,37.5,53.2,,,,data check failed - see top,graded,1.0,0.0,0.0,0.0,False,False,2026-10-04T20:33:03+00:00,ESPN
2026-10-03,ENG5,Aldershot,Carlisle,National League,15:00,77.3,70.0,80.3,63.6,60.0,59.8,below_line,,,,graded,1.0,3.0,0.0,2.0,True,True,2026-10-04T20:33:05+00:00,ESPN
2026-10-03,ENG5,Barrow,Wealdstone,National League,15:00,81.8,81.7,80.3,50.0,35.0,59.8,leg,,,,graded,2.0,1.0,1.0,1.0,True,True,2026-10-04T20:33:05+00:00,ESPN
2026-10-03,ENG5,Boreham Wood,Altrincham,National League,15:00,86.4,75.0,80.3,63.6,48.3,59.8,leg,,,,graded,3.0,1.0,0.0,1.0,True,True,2026-10-04T20:33:05+00:00,ESPN
2026-10-03,ENG5,Eastleigh,Woking,National League,15:00,72.7,71.7,80.3,59.1,45.0,59.8,,,,,graded,1.0,3.0,1.0,1.0,True,True,2026-10-04T20:33:05+00:00,ESPN
2026-10-03,ENG5,Gateshead,Worthing,National League,15:00,77.3,80.0,80.3,59.1,60.0,59.8,below_line,,,,graded,1.0,2.0,1.0,1.0,True,True,2026-10-04T20:33:05+00:00,ESPN
2026-10-03,ENG5,Harrogate,Hornchurch,National League,15:00,77.3,91.7,80.3,59.1,66.7,59.8,below_line,,,,graded,3.0,0.0,1.0,0.0,True,True,2026-10-04T20:33:05+00:00,ESPN
2026-10-03,ENG5,Hartlepool,Tamworth,National League,15:00,77.3,70.0,80.3,59.1,61.7,59.8,below_line,,,,graded,0.0,1.0,0.0,1.0,False,False,2026-10-04T20:33:05+00:00,ESPN
2026-10-03,ENG5,Kidderminster,Sutton,National League,15:00,72.7,65.0,80.3,50.0,36.7,59.8,,,,,graded,1.0,1.0,1.0,0.0,True,True,2026-10-04T20:33:05+00:00,ESPN
2026-10-03,ENG5,Solihull,Halifax,National League,15:00,81.8,71.7,80.3,68.2,61.7,59.8,leg,reserve,,,graded,0.0,2.0,0.0,0.0,True,False,2026-10-04T20:33:05+00:00,ESPN
2026-10-03,ENG5,Southend,Fylde,National League,15:00,90.9,81.7,80.3,59.1,45.0,59.8,leg,,,,graded,3.0,1.0,2.0,1.0,True,True,2026-10-04T20:33:05+00:00,ESPN
2026-10-03,ENG5,Yeovil,Boston Utd,National League,15:00,81.8,100.0,80.3,72.7,100.0,59.8,leg,leg,,,graded,6.0,0.0,4.0,0.0,True,True,2026-10-04T20:33:05+00:00,ESPN
2026-10-03,SCO2,Livingston,Ayr,Scottish Championship,15:00,75.0,75.0,66.7,43.8,37.5,41.0,,,,,graded,1.0,2.0,1.0,2.0,True,False,2026-10-04T20:33:07+00:00,ESPN
2026-10-03,SCO2,Morton,Raith Rvs,Scottish Championship,15:00,75.0,50.0,66.7,50.0,50.0,41.0,,,,,graded,1.0,2.0,0.0,1.0,True,True,2026-10-04T20:33:07+00:00,ESPN
2026-10-03,SCO2,Partick,Arbroath,Scottish Championship,15:00,45.5,50.0,66.7,32.1,37.5,41.0,,,,,graded,3.0,0.0,2.0,0.0,True,True,2026-10-04T20:33:07+00:00,ESPN
2026-10-03,SCO3,Airdrie Utd,Montrose,Scottish League One,15:00,81.2,75.0,74.4,75.0,62.5,53.8,leg,leg,,data check failed - see top,graded,1.0,0.0,0.0,0.0,False,False,2026-10-09T11:01:53+00:00,football-data.co.uk
2026-10-03,SCO3,East Fife,East Kilbride,Scottish League One,15:00,75.0,87.5,74.4,37.5,50.0,53.8,below_line,,,data check failed - see top,graded,0.0,3.0,0.0,1.0,True,True,2026-10-09T11:01:53+00:00,football-data.co.uk
2026-10-03,SCO3,Queen of Sth,Cove Rangers,Scottish League One,15:00,81.2,75.0,74.4,50.0,25.0,53.8,leg,,,data check failed - see top,graded,4.0,3.0,2.0,0.0,True,True,2026-10-09T11:01:53+00:00,football-data.co.uk
2026-10-03,SCO3,Ross County,Alloa,Scottish League One,15:00,74.1,75.0,74.4,60.7,62.5,53.8,,,,data check failed - see top,graded,4.0,1.0,1.0,0.0,True,True,2026-10-09T11:01:53+00:00,football-data.co.uk
2026-10-03,SCO3,Hamilton,Peterhead,Scottish League One,17:30,58.9,62.5,74.4,46.4,50.0,53.8,,,,data check failed - see top,graded,2.0,1.0,0.0,0.0,True,False,2026-10-09T11:01:53+00:00,football-data.co.uk
2026-10-03,SCO4,Annan Athletic,Stirling,Scottish League Two,15:00,81.2,100.0,85.0,68.8,87.5,70.0,leg,reserve,,data check failed - see top,graded,0.0,1.0,0.0,0.0,False,False,2026-10-09T11:01:54+00:00,football-data.co.uk
2026-10-03,SCO4,Dumbarton,Forfar,Scottish League Two,15:00,81.2,87.5,85.0,62.5,62.5,70.0,leg,,,data check failed - see top,graded,2.0,1.0,0.0,1.0,True,True,2026-10-09T11:01:54+00:00,football-data.co.uk
2026-10-03,SCO4,Elgin,Clyde,Scottish League Two,15:00,93.8,87.5,85.0,75.0,62.5,70.0,leg,leg,,data check failed - see top,graded,6.0,2.0,0.0,1.0,True,True,2026-10-09T11:01:54+00:00,football-data.co.uk
2026-10-03,SCO4,Spartans,Kelty Hearts,Scottish League Two,15:00,87.5,87.5,85.0,81.2,75.0,70.0,leg,leg,,data check failed - see top,graded,0.0,2.0,0.0,1.0,True,True,2026-10-09T11:01:54+00:00,football-data.co.uk
2026-10-03,SCO4,Stranraer,Edinburgh City,Scottish League Two,15:00,81.2,75.0,85.0,62.5,62.5,70.0,reserve,,,data check failed - see top,graded,0.0,0.0,0.0,0.0,False,False,2026-10-09T11:01:54+00:00,football-data.co.uk
2026-10-10,ENG1,Arsenal,Leeds,Premier League,12:30,70.0,75.0,72.0,60.0,75.0,52.0,,,,Arsenal: only 5 games; Leeds: only 5 games,pending,,,,,,,,
2026-10-10,ENG1,Aston Villa,Brentford,Premier League,15:00,80.0,75.0,72.0,40.0,50.0,52.0,,,,Aston Villa: only 5 games; Brentford: only 5 games,pending,,,,,,,,
2026-10-10,ENG1,Chelsea,Bournemouth,Premier League,15:00,90.0,100.0,72.0,80.0,100.0,52.0,,,,Chelsea: only 5 games; Bournemouth: only 5 games,pending,,,,,,,,
2026-10-10,ENG1,Ipswich,Fulham,Premier League,15:00,70.0,50.0,72.0,50.0,25.0,52.0,,,,Ipswich: only 5 games; Fulham: only 5 games,pending,,,,,,,,
2026-10-10,ENG1,Sunderland,Brighton,Premier League,15:00,90.0,75.0,72.0,60.0,50.0,52.0,,,,Sunderland: only 5 games; Brighton: only 5 games,pending,,,,,,,,
2026-10-10,ENG1,Man United,Tottenham,Premier League,17:30,70.0,50.0,72.0,30.0,50.0,52.0,,,,Man United: only 5 games; Tottenham: only 5 games,pending,,,,,,,,
2026-10-10,ENG2,Charlton,Bristol City,Championship,12:30,68.8,62.5,80.0,50.0,50.0,64.2,,,,data check failed - see top,pending,,,,,,,,
2026-10-10,ENG2,Swansea,Norwich,Championship,12:30,81.2,62.5,80.0,68.8,50.0,64.2,,,,data check failed - see top,pending,,,,,,,,
2026-10-10,ENG2,West Brom,Birmingham,Championship,12:30,75.0,75.0,80.0,43.8,50.0,64.2,,,,data check failed - see top,pending,,,,,,,,
2026-10-10,ENG2,Blackburn,Cardiff,Championship,15:00,87.5,87.5,80.0,68.8,62.5,64.2,,,,data check failed - see top,pending,,,,,,,,
2026-10-10,ENG2,Bolton,Stoke,Championship,15:00,75.0,75.0,80.0,62.5,75.0,64.2,,,,data check failed - see top,pending,,,,,,,,
2026-10-10,ENG2,Derby,Wrexham,Championship,15:00,87.5,75.0,80.0,81.2,75.0,64.2,,,,data check failed - see top,pending,,,,,,,,
2026-10-10,ENG2,Middlesbrough,Wolves,Championship,15:00,79.5,87.5,80.0,66.1,62.5,64.2,,,,data check failed - see top,pending,,,,,,,,
2026-10-10,ENG2,Preston,Millwall,Championship,15:00,87.5,87.5,80.0,87.5,87.5,64.2,,,,data check failed - see top,pending,,,,,,,,
2026-10-10,ENG2,Sheffield United,Lincoln,Championship,15:00,56.2,37.5,80.0,37.5,37.5,64.2,,,,data check failed - see top,pending,,,,,,,,
2026-10-10,ENG2,Watford,Burnley,Championship,15:00,87.5,100.0,80.0,62.5,87.5,64.2,,,,data check failed - see top,pending,,,,,,,,
2026-10-10,ENG3,Notts County,Oxford,League One,12:30,92.9,83.3,78.9,46.4,33.3,55.6,,,,,pending,,,,,,,,
2026-10-10,ENG3,Plymouth,AFC Wimbledon,League One,12:30,69.4,87.5,78.9,58.3,87.5,55.6,,,,,pending,,,,,,,,
2026-10-10,ENG3,Bradford,Leyton Orient,League One,15:00,68.8,83.3,78.9,43.8,33.3,55.6,,,,,pending,,,,,,,,
2026-10-10,ENG3,Cambridge,Blackpool,League One,15:00,100.0,100.0,78.9,74.1,70.8,55.6,leg,leg,,,pending,,,,,,,,
2026-10-10,ENG3,Doncaster,Burton,League One,15:00,80.2,70.8,78.9,56.3,45.8,55.6,reserve,,,,pending,,,,,,,,
2026-10-10,ENG3,Huddersfield,Sheffield Weds,League One,15:00,72.3,100.0,78.9,46.4,50.0,55.6,,,,,pending,,,,,,,,
2026-10-10,ENG3,Leicester,Peterboro,League One,15:00,80.4,87.5,78.9,46.4,41.7,55.6,reserve,,,,pending,,,,,,,,
2026-10-10,ENG3,Mansfield,Bromley,League One,15:00,78.6,66.7,78.9,64.3,66.7,55.6,,,,,pending,,,,,,,,
2026-10-10,ENG3,Milton Keynes Dons,Reading,League One,15:00,79.5,66.7,78.9,67.0,50.0,55.6,,reserve,,,pending,,,,,,,,
2026-10-10,ENG3,Stevenage,Wigan,League One,15:00,64.3,66.7,78.9,42.9,33.3,55.6,,,,,pending,,,,,,,,
2026-10-10,ENG3,Stockport,Barnsley,League One,15:00,73.2,70.8,78.9,59.8,70.8,55.6,,,,,pending,,,,,,,,
2026-10-10,ENG3,Wycombe,Luton,League One,15:00,86.6,100.0,78.9,59.8,75.0,55.6,leg,,,,pending,,,,,,,,
2026-10-10,ENG4,Oldham,Accrington,League Two,12:30,94.4,100.0,74.5,71.5,62.5,52.0,,,,,pending,,,,,,,,
2026-10-10,ENG4,Swindon,Crewe,League Two,12:30,66.7,75.0,74.5,44.4,50.0,52.0,,,,,pending,,,,,,,,
2026-10-10,ENG4,Bristol Rvs,Barnet,League Two,15:00,88.9,75.0,74.5,65.1,58.3,52.0,leg,reserve,,,pending,,,,,,,,
2026-10-10,ENG4,Cheltenham,Salford,League Two,15:00,72.2,87.5,74.5,55.6,87.5,52.0,,,,,pending,,,,,,,,
2026-10-10,ENG4,Crawley Town,Chesterfield,League Two,15:00,81.7,70.8,74.5,61.9,54.2,52.0,leg,,,,pending,,,,,,,,
2026-10-10,ENG4,Fleetwood Town,Walsall,League Two,15:00,64.6,75.0,74.5,46.5,37.5,52.0,,,,,pending,,,,,,,,
2026-10-10,ENG4,Newport County,Colchester,League Two,15:00,77.1,100.0,74.5,59.7,87.5,52.0,,,,,pending,,,,,,,,
2026-10-10,ENG4,Port Vale,Grimsby,League Two,15:00,67.5,54.2,74.5,43.7,41.7,52.0,,,,,pending,,,,,,,,
2026-10-10,ENG4,Rotherham,Gillingham,League Two,15:00,72.2,87.5,74.5,38.9,62.5,52.0,,,,,pending,,,,,,,,
2026-10-10,ENG4,Shrewsbury,Exeter,League Two,15:00,61.1,50.0,74.5,38.9,37.5,52.0,,,,,pending,,,,,,,,
2026-10-10,ENG4,Tranmere,Rochdale,League Two,15:00,77.8,75.0,74.5,61.1,50.0,52.0,,,,,pending,,,,,,,,
2026-10-10,ENG4,York,Northampton,League Two,15:00,71.4,83.3,74.5,38.4,50.0,52.0,,,,,pending,,,,,,,,
2026-10-10,ENG5,Altrincham,Aldershot,National League,12:30,70.8,83.3,81.1,58.3,75.0,61.5,,,,data check failed - see top,pending,,,,,,,,
2026-10-10,ENG5,Carlisle,Kidderminster,National League,12:30,79.2,90.0,81.1,62.5,71.7,61.5,,,,data check failed - see top,pending,,,,,,,,
2026-10-10,ENG5,Boston Utd,Southend,National League,15:00,83.3,75.0,81.1,75.0,75.0,61.5,,,,data check failed - see top,pending,,,,,,,,
2026-10-10,ENG5,Fylde,Scunthorpe,National League,15:00,86.7,83.3,81.1,52.3,45.0,61.5,,,,data check failed - see top,pending,,,,,,,,
2026-10-10,ENG5,Halifax,Gateshead,National League,15:00,75.0,83.3,81.1,50.0,66.7,61.5,,,,data check failed - see top,pending,,,,,,,,
2026-10-10,ENG5,Hornchurch,Eastleigh,National League,15:00,70.8,50.0,81.1,54.2,40.0,61.5,,,,data check failed - see top,pending,,,,,,,,
2026-10-10,ENG5,Tamworth,Barrow,National League,15:00,87.5,91.7,81.1,54.2,55.0,61.5,,,,data check failed - see top,pending,,,,,,,,
2026-10-10,ENG5,Wealdstone,Yeovil,National League,15:00,87.5,80.0,81.1,70.8,60.0,61.5,,,,data check failed - see top,pending,,,,,,,,
2026-10-10,ENG5,Woking,Harrogate,National League,15:00,83.3,81.7,81.1,70.8,81.7,61.5,,,,data check failed - see top,pending,,,,,,,,
2026-10-10,ENG5,Worthing,Solihull,National League,15:00,87.5,83.3,81.1,75.0,65.0,61.5,,,,data check failed - see top,pending,,,,,,,,
2026-10-10,ENG5,Forest Green,Hartlepool,National League,17:30,70.5,83.3,81.1,48.1,58.3,61.5,,,,data check failed - see top,pending,,,,,,,,
2026-10-10,ENG6N,Brackley Town,Spennymoor Town,National League North,15:00,95.0,90.0,77.5,70.0,70.0,55.8,leg,,,,pending,,,,,,,,
2026-10-10,ENG6N,Chester FC,Bedford Town,National League North,15:00,65.0,50.0,77.5,50.0,40.0,55.8,,,,,pending,,,,,,,,
2026-10-10,ENG6N,Chorley,AFC Telford United,National League North,15:00,80.0,80.0,77.5,55.0,60.0,55.8,reserve,,,,pending,,,,,,,,
2026-10-10,ENG6N,Darlington,Merthyr Town,National League North,15:00,80.0,70.0,77.5,60.0,50.0,55.8,reserve,,,,pending,,,,,,,,
2026-10-10,ENG6N,Harborough Town FC,Southport,National League North,15:00,75.0,80.0,77.5,55.0,60.0,55.8,,,,,pending,,,,,,,,
2026-10-10,ENG6N,Hebburn Town,Oxford City,National League North,15:00,75.0,60.0,77.5,55.0,50.0,55.8,,,,,pending,,,,,,,,
2026-10-10,ENG6N,Hereford FC,Hednesford,National League North,15:00,85.0,90.0,77.5,45.0,40.0,55.8,leg,,,,pending,,,,,,,,
2026-10-10,ENG6N,King's Lynn Town,Buxton,National League North,15:00,100.0,100.0,77.5,90.0,90.0,55.8,leg,,,,pending,,,,,,,,
2026-10-10,ENG6N,Macclesfield FC,South Shields,National League North,15:00,65.0,50.0,77.5,45.0,40.0,55.8,,,,,pending,,,,,,,,
2026-10-10,ENG6N,Marine,Spalding United,National League North,15:00,70.0,70.0,77.5,50.0,30.0,55.8,,,,,pending,,,,,,,,
2026-10-10,ENG6N,Radcliffe,Scarborough Athletic,National League North,15:00,70.0,80.0,77.5,45.0,50.0,55.8,,,,,pending,,,,,,,,
2026-10-10,ENG6N,Worksop Town,Morecambe,National League North,15:00,70.0,70.0,77.5,50.0,40.0,55.8,,,,,pending,,,,,,,,
2026-10-10,ENG6S,AFC Totton,Walton and Hersham,National League South,15:00,83.3,80.0,77.6,62.2,70.0,56.9,leg,,,,pending,,,,,,,,
2026-10-10,ENG6S,Billericay,Farnborough,National League South,15:00,78.9,100.0,77.6,62.2,80.0,56.9,,,,,pending,,,,,,,,
2026-10-10,ENG6S,Braintree Town,Truro City,National League South,15:00,85.0,80.0,77.6,60.0,53.3,56.9,leg,,,,pending,,,,,,,,
2026-10-10,ENG6S,Chesham United,Chelmsford City,National League South,15:00,78.3,100.0,77.6,61.7,80.0,56.9,,,,,pending,,,,,,,,
2026-10-10,ENG6S,Dagenham & Redbridge,Hemel Hempstead,National League South,15:00,65.0,60.0,77.6,45.0,50.0,56.9,,,,,pending,,,,,,,,
2026-10-10,ENG6S,Dover Athletic,Dorking Wanderers,National League South,15:00,70.0,80.0,77.6,65.0,70.0,56.9,,,,,pending,,,,,,,,
2026-10-10,ENG6S,Farnham Town,Salisbury FC,National League South,15:00,75.0,70.0,77.6,50.0,50.0,56.9,,,,,pending,,,,,,,,
2026-10-10,ENG6S,Hampton & Richmond,Ebbsfleet United,National League South,15:00,78.3,100.0,77.6,51.7,54.2,56.9,,,,,pending,,,,,,,,
2026-10-10,ENG6S,Horsham,Maidstone United,National League South,15:00,78.9,80.0,77.6,57.8,50.0,56.9,,,,,pending,,,,,,,,
2026-10-10,ENG6S,Maidenhead United,Tonbridge Angels,National League South,15:00,75.0,80.0,77.6,45.0,50.0,56.9,,,,,pending,,,,,,,,
2026-10-10,ENG6S,Torquay United,Slough Town,National League South,15:00,80.0,70.0,77.6,55.0,60.0,56.9,reserve,,,,pending,,,,,,,,
2026-10-10,ENG6S,Weston Super Mare,Folkestone Invicta,National League South,15:00,80.0,81.7,77.6,60.0,43.3,56.9,reserve,,,,pending,,,,,,,,
2026-10-10,SCO1,Dundee United,Hibernian,Scottish Premiership,15:00,92.9,100.0,73.8,78.6,83.3,59.5,leg,leg,,,pending,,,,,,,,
2026-10-10,SCO1,Falkirk,Dundee,Scottish Premiership,15:00,85.7,83.3,73.8,64.3,83.3,59.5,leg,,,,pending,,,,,,,,
2026-10-10,SCO1,Hearts,St Mirren,Scottish Premiership,15:00,78.6,66.7,73.8,71.4,66.7,59.5,,leg,,,pending,,,,,,,,
2026-10-10,SCO1,Rangers,Kilmarnock,Scottish Premiership,15:00,50.0,33.3,73.8,50.0,33.3,59.5,,,,,pending,,,,,,,,
2026-10-10,SCO2,Arbroath,Morton,Scottish Championship,15:00,72.2,75.0,69.0,61.1,50.0,42.9,,,,,pending,,,,,,,,
2026-10-10,SCO2,Ayr,Dunfermline,Scottish Championship,15:00,67.5,62.5,69.0,29.4,50.0,42.9,,,,,pending,,,,,,,,
2026-10-10,SCO2,Inverness C,Stenhousemuir,Scottish Championship,15:00,62.5,62.5,69.0,43.8,37.5,42.9,,,,,pending,,,,,,,,
2026-10-10,SCO2,Livingston,Partick,Scottish Championship,15:00,57.6,56.7,69.0,29.2,36.7,42.9,,,,,pending,,,,,,,,
2026-10-10,SCO2,Raith Rvs,Queens Park,Scottish Championship,15:00,82.6,87.5,69.0,47.2,25.0,42.9,leg,,,,pending,,,,,,,,
2026-10-10,SCO3,Alloa,Hamilton,Scottish League One,15:00,58.3,54.2,75.0,46.5,54.2,54.5,,,,,pending,,,,,,,,
2026-10-10,SCO3,Cove Rangers,East Fife,Scottish League One,15:00,72.2,62.5,75.0,33.3,25.0,54.5,,,,,pending,,,,,,,,
2026-10-10,SCO3,East Kilbride,Airdrie Utd,Scottish League One,15:00,72.2,75.0,75.0,55.6,62.5,54.5,,,,,pending,,,,,,,,
2026-10-10,SCO3,Montrose,Ross County,Scottish League One,15:00,88.2,87.5,75.0,81.9,75.0,54.5,leg,leg,,,pending,,,,,,,,
2026-10-10,SCO3,Peterhead,Queen of Sth,Scottish League One,15:00,83.3,87.5,75.0,55.6,75.0,54.5,leg,,,,pending,,,,,,,,
2026-10-10,SCO4,Annan Athletic,Stranraer,Scottish League Two,15:00,61.1,90.0,82.2,44.4,67.5,68.9,,,,,pending,,,,,,,,
2026-10-10,SCO4,Clyde,Dumbarton,Scottish League Two,15:00,88.9,100.0,82.2,72.2,75.0,68.9,leg,leg,,,pending,,,,,,,,
2026-10-10,SCO4,Edinburgh City,Spartans,Scottish League Two,15:00,83.3,75.0,82.2,77.8,62.5,68.9,leg,leg,,,pending,,,,,,,,
2026-10-10,SCO4,Forfar,Elgin,Scottish League Two,15:00,88.9,75.0,82.2,72.2,75.0,68.9,leg,leg,,,pending,,,,,,,,
2026-10-10,SCO4,Stirling,Kelty Hearts,Scottish League Two,15:00,88.9,90.0,82.2,77.8,67.5,68.9,leg,leg,,,pending,,,,,,,,
